{"capture_base":"EFBHkqwnrqooS6WjzihH1E7J9uoitRxCDmz0d3GsiPs4","digest":"EdX0V-UmaiSTMo2Z_VgWKdbm2okio1DtxbzeSVfTZc2s","type":"spec/overlays/label/1.0","language":"en","attribute_labels":{"BCS":"BCS","BW_raw":"BW_raw","BW_smooth":"BW_smooth","CH4_g/d":"CH4_g/d","CO2_g/d":"CO2_g/d","CowID":"CowID","DEI_Mcal/d":"DEI_Mcal/d","DIM":"DIM","DMI_total":"DMI_total","EBal_Mcal/d":"EBal_Mcal/d","HP_GreenFeed":"HP_GreenFeed","MEI_Mcal/d":"MEI_Mcal/d","NEI_Mcal/d":"NEI_Mcal/d","NE_milk":"NE_milk","O2_g/d":"O2_g/d","PMRintake_asfed":"PMRintake_asfed","PMRintake_dry":"PMRintake_dry","RE_Mcal/d":"RE_Mcal/d","chgBW_raw":"chgBW_raw","chgBW_smooth":"chgBW_smooth","date":"date","milkfat_pct":"milkfat_pct","milkfat_yld_g/d":"milkfat_yld_g/d","milklac_pct":"milklac_pct","milklac_yld_g/d":"milklac_yld_g/d","milkprt_pct":"milkprt_pct","milkprt_yld_g/d":"milkprt_yld_g/d","milkyld":"milkyld","parity":"parity","pelletdrops_num":"pelletdrops_num","pelletintake_asfed":"pelletintake_asfed","pelletintake_dry":"pelletintake_dry"},"attribute_categories":[],"category_labels":{}}