{"capture_base":"EFBHkqwnrqooS6WjzihH1E7J9uoitRxCDmz0d3GsiPs4","digest":"EDya1qbNcqVh2dB4j8dGilYqnd5Ez7jALdXg3qIE7tC0","type":"spec/overlays/unit/1.0","metric_system":"","attribute_units":{"BCS":"1 - 5","BW_raw":"kg","BW_smooth":"kg","CH4_g/d":"g/d","CO2_g/d":"g/d","DEI_Mcal/d":"Mcal/d","DMI_total":"kg/d","EBal_Mcal/d":"Mcal/d","HP_GreenFeed":"Mcal/d","MEI_Mcal/d":"Mcal/d","NEI_Mcal/d":"Mcal/d","NE_milk":"Mcal/d","O2_g/d":"g/d","PMRintake_asfed":"kg/d","PMRintake_dry":"kg/d","RE_Mcal/d":"Mcal/d","chgBW_raw":"kg/d","chgBW_smooth":"kg/d","milkfat_pct":"%","milkfat_yld_g/d":"g/d","milklac_pct":"%","milklac_yld_g/d":"g/d","milkprt_pct":"%","milkprt_yld_g/d":"g/d","milkyld":"kg/d","pelletintake_asfed":"kg/d","pelletintake_dry":"kg/d"}}