{"type":"spec/capture_base/1.0","digest":"EFBHkqwnrqooS6WjzihH1E7J9uoitRxCDmz0d3GsiPs4","classification":"RDF402","attributes":{"BCS":"Numeric","BW_raw":"Numeric","BW_smooth":"Numeric","CH4_g/d":"Numeric","CO2_g/d":"Numeric","CowID":"Numeric","DEI_Mcal/d":"Numeric","DIM":"Numeric","DMI_total":"Numeric","EBal_Mcal/d":"Numeric","HP_GreenFeed":"Numeric","MEI_Mcal/d":"Numeric","NEI_Mcal/d":"Numeric","NE_milk":"Numeric","O2_g/d":"Numeric","PMRintake_asfed":"Numeric","PMRintake_dry":"Numeric","RE_Mcal/d":"Numeric","chgBW_raw":"Numeric","chgBW_smooth":"Numeric","date":"DateTime","milkfat_pct":"Numeric","milkfat_yld_g/d":"Numeric","milklac_pct":"Numeric","milklac_yld_g/d":"Numeric","milkprt_pct":"Numeric","milkprt_yld_g/d":"Numeric","milkyld":"Numeric","parity":"Numeric","pelletdrops_num":"Numeric","pelletintake_asfed":"Numeric","pelletintake_dry":"Numeric"},"flagged_attributes":["CowID"]}