{"capture_base":"EFBHkqwnrqooS6WjzihH1E7J9uoitRxCDmz0d3GsiPs4","digest":"Eh9LLP26xMpiBPo_xmUo-Ry-f8pHnGm27vFQBrAtFRwI","type":"spec/overlays/character_encoding/1.0","default_character_encoding":"utf-8","attribute_character_encoding":{"BCS":"utf-8","BW_raw":"utf-8","BW_smooth":"utf-8","CH4_g/d":"utf-8","CO2_g/d":"utf-8","CowID":"utf-8","DEI_Mcal/d":"utf-8","DIM":"utf-8","DMI_total":"utf-8","EBal_Mcal/d":"utf-8","HP_GreenFeed":"utf-8","MEI_Mcal/d":"utf-8","NEI_Mcal/d":"utf-8","NE_milk":"utf-8","O2_g/d":"utf-8","PMRintake_asfed":"utf-8","PMRintake_dry":"utf-8","RE_Mcal/d":"utf-8","chgBW_raw":"utf-8","chgBW_smooth":"utf-8","date":"utf-8","milkfat_pct":"utf-8","milkfat_yld_g/d":"utf-8","milklac_pct":"utf-8","milklac_yld_g/d":"utf-8","milkprt_pct":"utf-8","milkprt_yld_g/d":"utf-8","milkyld":"utf-8","parity":"utf-8","pelletdrops_num":"utf-8","pelletintake_asfed":"utf-8","pelletintake_dry":"utf-8"}}