{"capture_base":"EFBHkqwnrqooS6WjzihH1E7J9uoitRxCDmz0d3GsiPs4","digest":"EiD5O_5asr8jbP0j4M8gMRlVE6ou9H4kfVdA9bXiKqow","type":"spec/overlays/format/1.0","attribute_formats":{"BCS":"^[-+]?\\d*\\.?\\d+$","BW_raw":"^[-+]?\\d*\\.?\\d+$","BW_smooth":"^[-+]?\\d*\\.?\\d+$","CH4_g/d":"^[-+]?\\d*\\.?\\d+$","CO2_g/d":"^[-+]?\\d*\\.?\\d+$","CowID":"^[-+]?\\d*\\.?\\d+$","DEI_Mcal/d":"^[-+]?\\d*\\.?\\d+$","DIM":"^-?[0-9]+$","DMI_total":"^[-+]?\\d*\\.?\\d+$","EBal_Mcal/d":"^[-+]?\\d*\\.?\\d+$","HP_GreenFeed":"^[-+]?\\d*\\.?\\d+$","MEI_Mcal/d":"^[-+]?\\d*\\.?\\d+$","NEI_Mcal/d":"^[-+]?\\d*\\.?\\d+$","NE_milk":"^[-+]?\\d*\\.?\\d+$","O2_g/d":"^[-+]?\\d*\\.?\\d+$","PMRintake_asfed":"^[-+]?\\d*\\.?\\d+$","PMRintake_dry":"^[-+]?\\d*\\.?\\d+$","RE_Mcal/d":"^[-+]?\\d*\\.?\\d+$","chgBW_raw":"^[-+]?\\d*\\.?\\d+$","chgBW_smooth":"^[-+]?\\d*\\.?\\d+$","date":"^(\\d{4})-(0[1-9]|1[0-2])-(0[1-9]|[12]\\d|3[01])$","milkfat_pct":"^[-+]?\\d*\\.?\\d+$","milkfat_yld_g/d":"^[-+]?\\d*\\.?\\d+$","milklac_pct":"^[-+]?\\d*\\.?\\d+$","milklac_yld_g/d":"^[-+]?\\d*\\.?\\d+$","milkprt_pct":"^[-+]?\\d*\\.?\\d+$","milkprt_yld_g/d":"^[-+]?\\d*\\.?\\d+$","milkyld":"^[-+]?\\d*\\.?\\d+$","parity":"^-?[0-9]+$","pelletdrops_num":"^-?[0-9]+$","pelletintake_asfed":"^[-+]?\\d*\\.?\\d+$","pelletintake_dry":"^[-+]?\\d*\\.?\\d+$"}}