{"capture_base":"EFBHkqwnrqooS6WjzihH1E7J9uoitRxCDmz0d3GsiPs4","digest":"EZdjoW08mZa9exqSCc3-jiHbCWf9gWgCAuYy55-0jM-Y","type":"spec/overlays/information/1.0","language":"en","attribute_information":{"BCS":"body condition score on a 5-point scale","BW_raw":"raw bodyweight recorded by scale","BW_smooth":"bodyweight smoothed by algorithm of choice","CH4_g/d":"total exhaled CH4 output for the day","CO2_g/d":"total respiratory CO2 output for the day","CowID":"unique cow identifying number","DEI_Mcal/d":"digestible energy intake for the day","DIM":"number of days-in-milk of the cow at the time of measurement","DMI_total":"total dry matter intake for the day","EBal_Mcal/d":"energy balance of the cow for the day","HP_GreenFeed":"heat production for the day according to GreenFeed measurements","MEI_Mcal/d":"metabolizable energy intake for the day","NEI_Mcal/d":"net energy intake for the day","NE_milk":"milk energy output for the day","O2_g/d":"total respiratory O2 consumption for the day","PMRintake_asfed":"intake of partial mixed ration for the 24-hour day, as fed","PMRintake_dry":"intake of partial mixed ration for the 24-hour day, dry matter","RE_Mcal/d":"energy recovered in milk and body for the day","chgBW_raw":"raw bodyweight change since previous day","chgBW_smooth":"smoothed bodyweight change since previous day","date":"year month and day of measurement","milkfat_pct":"fat content of the milk","milkfat_yld_g/d":"milk fat yield for the day","milklac_pct":"lactose content of the milk","milklac_yld_g/d":"milk lactose yield for the day","milkprt_pct":"protein content of the milk","milkprt_yld_g/d":"milk protein yield for the day","milkyld":"milk yield for the 24-hour day","parity":"lactation number of the cow","pelletdrops_num":"number of drops of pellet from GreenFeed system for the day","pelletintake_asfed":"intake of pellet from GreenFeed system for the day, as fed","pelletintake_dry":"intake of pellet from GreenFeed system for the day, dry"}}