{
  "files": {
    "EFBHkqwnrqooS6WjzihH1E7J9uoitRxCDmz0d3GsiPs4": {
      "character_encoding": "Eh9LLP26xMpiBPo_xmUo-Ry-f8pHnGm27vFQBrAtFRwI",
      "format": "EiD5O_5asr8jbP0j4M8gMRlVE6ou9H4kfVdA9bXiKqow",
      "information (en)": "EZdjoW08mZa9exqSCc3-jiHbCWf9gWgCAuYy55-0jM-Y",
      "label (en)": "EdX0V-UmaiSTMo2Z_VgWKdbm2okio1DtxbzeSVfTZc2s",
      "meta (en)": "E-yUp_vbgbN9RgiUwD6xIilcsprCv--4w5yfyfalJ27Q",
      "unit": "EDya1qbNcqVh2dB4j8dGilYqnd5Ez7jALdXg3qIE7tC0"
    }
  },
  "root": "EFBHkqwnrqooS6WjzihH1E7J9uoitRxCDmz0d3GsiPs4"
}