{"type":"spec/capture_base/1.0","digest":"EMbIKdu0PEqQ4gOgtuC1lDmAsJ_jx51K2r0SJji4OzS0","classification":"RDF401","attributes":{"Box_Name":"Text","Collection_Date":"DateTime","Collection_Time":"DateTime","Dry_and_Wet_Taken":"Binary","Farm_ID":"Text","Final_Mass":"Numeric","Initial_Mass":"Numeric","Laboratory_Notes":"Text","Location_In_Box":"Text","Location_In_Freezer":"Text","Moisture_Content":"Text","Paddlock_ID":"Text","Paddlock_Notes":"Text","Paddy_Intact":"Binary","Processing_Date_In_Oven":"DateTime","Processing_Date_Out_Oven":"DateTime","Sample_ID":"Text","Sample_Type":"Text","Tall_Grass_Surrounding_Paddy":"Binary","Temperature":"Numeric","Time_In":"Text","Time_Out":"DateTime"},"flagged_attributes":["Farm_ID"]}