{"capture_base":"EMbIKdu0PEqQ4gOgtuC1lDmAsJ_jx51K2r0SJji4OzS0","digest":"ERvjn4qSKv0sz98-j9zGtk3YU4PnKSzHVw9WbEbec7P8","type":"spec/overlays/label/1.0","language":"en","attribute_labels":{"Box_Name":"","Collection_Date":"","Collection_Time":"","Dry_and_Wet_Taken":"","Farm_ID":"","Final_Mass":"","Initial_Mass":"","Laboratory_Notes":"","Location_In_Box":"","Location_In_Freezer":"","Moisture_Content":"","Paddlock_ID":"","Paddlock_Notes":"","Paddy_Intact":"","Processing_Date_In_Oven":"","Processing_Date_Out_Oven":"","Sample_ID":"","Sample_Type":"","Tall_Grass_Surrounding_Paddy":"","Temperature":"","Time_In":"","Time_Out":""},"attribute_categories":[],"category_labels":{}}