{"type":"spec/capture_base/1.0","digest":"EcOFf9XREQAcvJrb9ng5Qf8sX8JlXJ7sSIHqkBbNP394","classification":"","attributes":{"Crop_Name":"Text","FertbanfFR":"Numeric","Fertbanfda":"DateTime","Fertbanfmo":"DateTime","Fertbanfn (kg/ha)":"Numeric","Fertbanfp (kgP/ha)":"Numeric","FertbansFR":"Numeric","Fertbansda":"DateTime","Fertbansmo":"DateTime","Fertbansn (kg/ha)":"Numeric","Fertbansp (kgP/ha)":"Numeric","FertbroFR":"Numeric","Fertbroda":"DateTime","Fertbromo":"DateTime","Fertbron":"Numeric","Fertbrop":"Numeric","Fertsedda":"DateTime","Fertsedmo":"DateTime","FertwsedFR":"Numeric","Fertwsedn (kg/ha)":"Numeric","Fertwsedp (kgP/ha)":"Numeric","Field_ID":"Numeric","Land_id":"Numeric","ManFR":"Numeric","ManFR2":"Numeric","ManSWATcode":"Numeric","ManSWATcode2":"Numeric","Mancode":"Numeric","Mancode2":"Numeric","Manda":"DateTime","Manda2":"DateTime","Manmo":"DateTime","Manmo2":"DateTime","Manrat (kg/ha)":"Numeric","Manrat (kg/ha)2":"Numeric","Note":"Text","ONFRAM_ID":"Numeric","Prdc_ID":"Numeric","Year":"DateTime"},"flagged_attributes":["Land_id","Prdc_ID","Field_ID","ONFRAM_ID"]}