{"capture_base":"EcOFf9XREQAcvJrb9ng5Qf8sX8JlXJ7sSIHqkBbNP394","digest":"EgT5Lt4TZ4Ql1uQRa5eTj76_M3I9m75oMyYWUvMcMj-s","type":"spec/overlays/information/1.0","language":"en","attribute_information":{"Crop_Name":"Code for Crop","FertbanfFR":"Fall Banding Fertilizer Fraction on Surface","Fertbanfda":"Fall Banding Fertilizer Application Date","Fertbanfmo":"Fall Banding Fertilizer Application Month","Fertbanfn (kg/ha)":"Fall Banding Fertilizer N Application","Fertbanfp (kgP/ha)":"Fall Banding Fertilizer P Application","FertbansFR":"Spring Banding Fertilizer Fraction on Surface","Fertbansda":"Spring Banding Application Fertilizer Date","Fertbansmo":"Spring Banding Fertilizer Application Month","Fertbansn (kg/ha)":"Spring Banding Fertilizer N Application","Fertbansp (kgP/ha)":"Spring Banding Fertilizer P Application","FertbroFR":"Broadcasting Fertilizer Fraction on Surface","Fertbroda":"Broadcasting Fertilizer Application Date","Fertbromo":"Broadcasting Fertilizer Application Month","Fertbron":"Broadcasting Fertilizer N Application","Fertbrop":"Broadcasting Fertilizer P Application","Fertsedda":"Seeding Fertilizer Application Date","Fertsedmo":"Seeding Fertilizer Application Month","FertwsedFR":"Seeding Fertilizer Fraction on Surface","Fertwsedn (kg/ha)":"Seeding Fertilizer N Application","Fertwsedp (kgP/ha)":"Seeding Fertilizer P Application","Field_ID":"ID for a Field in a Farm","Land_id":"ID for Land","ManFR":"Manure 1 Fraction on Surface","ManFR2":"Manure 2 Fraction on Surface","ManSWATcode":"Manure 1 SWAT Code","ManSWATcode2":"Manure 2 SWAT Code","Mancode":"Manure 1 Code","Mancode2":"Manure 2 Code","Manda":"Manure 1 Application Date","Manda2":"Manure 2 Application Date","Manmo":"Manure 1 Application Month","Manmo2":"Manure 2 Application Month","Manrat (kg/ha)":"Manure 1 Application Rate","Manrat (kg/ha)2":"Manure 2 Application Rate","Note":"Notes for Additional Information","ONFRAM_ID":"ID for ONFARM Program","Prdc_ID":"ID for Producer or Farmer","Year":"Year"}}