{"capture_base":"EcOFf9XREQAcvJrb9ng5Qf8sX8JlXJ7sSIHqkBbNP394","digest":"EQAd1RDMMq0JFleMG6pJv09ymj8RI92zNO4w6E2QfR7Y","type":"spec/overlays/label/1.0","language":"en","attribute_labels":{"Crop_Name":"Crop Name","FertbanfFR":"Fall Banding Fertilizer Fraction","Fertbanfda":"Fall Banding Fertilizer Date","Fertbanfmo":"Fall Banding Fertilizer Month","Fertbanfn (kg/ha)":"Fall Banding Fertilizer N","Fertbanfp (kgP/ha)":"Fall Banding Fertilizer P","FertbansFR":"Spring Banding Fertilizer Fraction","Fertbansda":"Spring Banding Fertilizer Date","Fertbansmo":"Spring Banding Fertilizer Month","Fertbansn (kg/ha)":"Spring Banding Fertilizer N","Fertbansp (kgP/ha)":"Spring Banding Fertilizer P","FertbroFR":"Broadcasting Fertilizer Fraction","Fertbroda":"Broadcasting Fertilizer Date","Fertbromo":"Broadcasting Fertilizer Month","Fertbron":"Broadcasting Fertilizer N","Fertbrop":"Broadcasting Fertilizer P","Fertsedda":"Seeding Fertilizer Date","Fertsedmo":"Seeding Fertilizer Month","FertwsedFR":"Seeding Fertilizer Fraction","Fertwsedn (kg/ha)":"Seeding Fertilizer N","Fertwsedp (kgP/ha)":"Seeding Fertilizer P","Field_ID":"Field ID","Land_id":"Land ID","ManFR":"Manure 1 Fraction","ManFR2":"Manure 2 Fraction","ManSWATcode":"Manure 1 SWAT Code","ManSWATcode2":"Manure 2 SWAT Code","Mancode":"Manure 1 Code","Mancode2":"Manure 2 Code","Manda":"Manure 1 Date","Manda2":"Manure 2 Date","Manmo":"Manure 1 Month","Manmo2":"Manure 2 Month","Manrat (kg/ha)":"Manure 1 Rate","Manrat (kg/ha)2":"Manure 2 Rate","Note":"Notes","ONFRAM_ID":"ONFARM ID","Prdc_ID":"Producer ID","Year":"Year"},"attribute_categories":[],"category_labels":{}}