{"capture_base":"EQuRLGtkvDkwMfszpiLm7Qn5I0ehjVI-YKky8eoH--nw","digest":"E3NsuPQpChdiIUzb5KqCarxOxKu8dOlH0wC3Oi2MuM2E","type":"spec/overlays/unit/1.0","metric_system":"","attribute_units":{"Acetyl-ornithine":"ng/uL","Alanine":"ng/uL","Arginine":"ng/uL","Asparagine":"ng/uL","Aspartic acid":"ng/uL","Asymmetric dimethylarginine":"ng/uL","C0":"ng/uL","C10":"ng/uL","C10:1":"ng/uL","C10:2":"ng/uL","C12":"ng/uL","C12:1":"ng/uL","C12DC":"ng/uL","C14":"ng/uL","C14:1":"ng/uL","C14:1OH":"ng/uL","C14:2":"ng/uL","C14:2OH":"ng/uL","C16":"ng/uL","C16:1":"ng/uL","C16:1OH":"ng/uL","C16:2":"ng/uL","C16:2OH":"ng/uL","C16OH":"ng/uL","C18":"ng/uL","C18:1":"ng/uL","C18:1OH":"ng/uL","C18:2":"ng/uL","C2":"ng/uL","C3":"ng/uL","C3:1":"ng/uL","C3OH":"ng/uL","C4":"ng/uL","C4:1":"ng/uL","C4OH":"ng/uL","C5":"ng/uL","C5:1":"ng/uL","C5:1DC":"ng/uL","C5DC":"ng/uL","C5MDC":"ng/uL","C5OH":"ng/uL","C6":"ng/uL","C6:1":"ng/uL","C7DC":"ng/uL","C8":"ng/uL","C9":"ng/uL","Carnosine":"ng/uL","Citrulline":"ng/uL","Creatinine":"ng/uL","Glutamic acid":"ng/uL","Glutamine":"ng/uL","Glycine":"ng/uL","Histamine":"ng/uL","Histidine":"ng/uL","Isoleucine":"ng/uL","Kynurenine":"ng/uL","Leucine":"ng/uL","Lysine":"ng/uL","LysoPC a C14:0":"ng/uL","LysoPC a C16:0":"ng/uL","LysoPC a C16:1":"ng/uL","LysoPC a C17:0":"ng/uL","LysoPC a C18:0":"ng/uL","LysoPC a C18:1":"ng/uL","LysoPC a C18:2":"ng/uL","LysoPC a C20:3":"ng/uL","LysoPC a C20:4":"ng/uL","LysoPC a C24:0":"ng/uL","LysoPC a C26:0":"ng/uL","LysoPC a C26:1":"ng/uL","LysoPC a C28:0":"ng/uL","LysoPC a C28:1":"ng/uL","Methionine":"ng/uL","Methionine-sulfoxide":"ng/uL","Ornithine":"ng/uL","PC aa C32:2":"ng/uL","PC aa C36:0":"ng/uL","PC aa C36:6":"ng/uL","PC aa C38:0":"ng/uL","PC aa C38:6":"ng/uL","PC aa C40:1":"ng/uL","PC aa C40:2":"ng/uL","PC aa C40:6":"ng/uL","PC ae C36:0":"ng/uL","PC ae C40:6":"ng/uL","Phenylalanine":"ng/uL","Phenylethylamine":"ng/uL","Proline":"ng/uL","Putrescine":"ng/uL","SM C16:0":"ng/uL","SM C16:1":"ng/uL","SM C18:0":"ng/uL","SM C18:1":"ng/uL","SM C20:2":"ng/uL","SM(OH) C14:1":"ng/uL","SM(OH) C16:1":"ng/uL","SM(OH) C22:1":"ng/uL","SM(OH) C22:2":"ng/uL","SM(OH) C24:1":"ng/uL","Serine":"ng/uL","Spermidine":"ng/uL","Spermine":"ng/uL","Taurine":"ng/uL","Threonine":"ng/uL","Tryptophan":"ng/uL","Tyrosine":"ng/uL","Valine":"ng/uL","alpha-Aminoadipic acid":"ng/uL","trans-Hydroxyproline":"ng/uL"}}