{"capture_base":"EQuRLGtkvDkwMfszpiLm7Qn5I0ehjVI-YKky8eoH--nw","digest":"EAjiePfROjjj4HR7Vx9rKJFFbaBZCK04XwyeJpEfKTBY","type":"spec/overlays/label/1.0","language":"en","attribute_labels":{"Acetyl-ornithine":"Acetyl-ornithine","Alanine":"Alanine","Arginine":"Arginine","Asparagine":"Asparagine","Aspartic acid":"Aspartic acid","Asymmetric dimethylarginine":"Asymmetric dimethylarginine","C0":"C0","C10":"C10","C10:1":"C10:1","C10:2":"C10:2","C12":"C12","C12:1":"C12:1","C12DC":"C12DC","C14":"C14","C14:1":"C14:1","C14:1OH":"C14:1OH","C14:2":"C14:2","C14:2OH":"C14:2OH","C16":"C16","C16:1":"C16:1","C16:1OH":"C16:1OH","C16:2":"C16:2","C16:2OH":"C16:2OH","C16OH":"C16OH","C18":"C18","C18:1":"C18:1","C18:1OH":"C18:1OH","C18:2":"C18:2","C2":"C2","C3":"C3","C3:1":"C3:1","C3OH":"C3OH","C4":"C4","C4:1":"C4:1","C4OH":"C4OH","C5":"C5","C5:1":"C5:1","C5:1DC":"C5:1DC","C5DC":"C5DC","C5MDC":"C5MDC","C5OH":"C5OH","C6":"C6","C6:1":"C6:1","C7DC":"C7DC","C8":"C8","C9":"C9","Carnosine":"Carnosine","Citrulline":"Citrulline","Creatinine":"Creatinine","Glutamic acid":"Glutamic acid","Glutamine":"Glutamine","Glycine":"Glycine","Histamine":"Histamine","Histidine":"Histidine","Isoleucine":"Isoleucine","Kynurenine":"Kynurenine","Leucine":"Leucine","Lysine":"Lysine","LysoPC a C14:0":"LysoPC a C14:0","LysoPC a C16:0":"LysoPC a C16:0","LysoPC a C16:1":"LysoPC a C16:1","LysoPC a C17:0":"LysoPC a C17:0","LysoPC a C18:0":"LysoPC a C18:0","LysoPC a C18:1":"LysoPC a C18:1","LysoPC a C18:2":"LysoPC a C18:2","LysoPC a C20:3":"LysoPC a C20:3","LysoPC a C20:4":"LysoPC a C20:4","LysoPC a C24:0":"LysoPC a C24:0","LysoPC a C26:0":"LysoPC a C26:0","LysoPC a C26:1":"LysoPC a C26:1","LysoPC a C28:0":"LysoPC a C28:0","LysoPC a C28:1":"LysoPC a C28:1","Methionine":"Methionine","Methionine-sulfoxide":"Methionine-sulfoxide","Ornithine":"Ornithine","PC aa C32:2":"PC aa C32:2","PC aa C36:0":"PC aa C36:0","PC aa C36:6":"PC aa C36:6","PC aa C38:0":"PC aa C38:0","PC aa C38:6":"PC aa C38:6","PC aa C40:1":"PC aa C40:1","PC aa C40:2":"PC aa C40:2","PC aa C40:6":"PC aa C40:6","PC ae C36:0":"PC ae C36:0","PC ae C40:6":"PC ae C40:6","Phenylalanine":"Phenylalanine","Phenylethylamine":"Phenylethylamine","Pig_ID":"Pig_ID","Proline":"Proline","Putrescine":"Putrescine","Reproductive_Group":"Reproductive_Group","SM C16:0":"SM C16:0","SM C16:1":"SM C16:1","SM C18:0":"SM C18:0","SM C18:1":"SM C18:1","SM C20:2":"SM C20:2","SM(OH) C14:1":"SM(OH) C14:1","SM(OH) C16:1":"SM(OH) C16:1","SM(OH) C22:1":"SM(OH) C22:1","SM(OH) C22:2":"SM(OH) C22:2","SM(OH) C24:1":"SM(OH) C24:1","Sample_Analysis_ID":"Sample_Analysis_ID","Serine":"Serine","Spermidine":"Spermidine","Spermine":"Spermine","Taurine":"Taurine","Threonine":"Threonine","Tryptophan":"Tryptophan","Tyrosine":"Tyrosine","Valine":"Valine","alpha-Aminoadipic acid":"alpha-Aminoadipic acid","trans-Hydroxyproline":"trans-Hydroxyproline"},"attribute_categories":[],"category_labels":{}}