{"capture_base":"EQuRLGtkvDkwMfszpiLm7Qn5I0ehjVI-YKky8eoH--nw","digest":"EL-UOXVfYCIS-noddMEkuTAVHomwJnLsvK1ZRuMdKa-g","type":"spec/overlays/information/1.0","language":"en","attribute_information":{"Acetyl-ornithine":"Concentration of the given metabolite in the analyzed biofluid sample of interest.","Alanine":"Concentration of the given metabolite in the analyzed biofluid sample of interest.","Arginine":"Concentration of the given metabolite in the analyzed biofluid sample of interest.","Asparagine":"Concentration of the given metabolite in the analyzed biofluid sample of interest.","Aspartic acid":"Concentration of the given metabolite in the analyzed biofluid sample of interest.","Asymmetric dimethylarginine":"Concentration of the given metabolite in the analyzed biofluid sample of interest.","C0":"Concentration of the given metabolite in the analyzed biofluid sample of interest.","C10":"Concentration of the given metabolite in the analyzed biofluid sample of interest.","C10:1":"Concentration of the given metabolite in the analyzed biofluid sample of interest.","C10:2":"Concentration of the given metabolite in the analyzed biofluid sample of interest.","C12":"Concentration of the given metabolite in the analyzed biofluid sample of interest.","C12:1":"Concentration of the given metabolite in the analyzed biofluid sample of interest.","C12DC":"Concentration of the given metabolite in the analyzed biofluid sample of interest.","C14":"Concentration of the given metabolite in the analyzed biofluid sample of interest.","C14:1":"Concentration of the given metabolite in the analyzed biofluid sample of interest.","C14:1OH":"Concentration of the given metabolite in the analyzed biofluid sample of interest.","C14:2":"Concentration of the given metabolite in the analyzed biofluid sample of interest.","C14:2OH":"Concentration of the given metabolite in the analyzed biofluid sample of interest.","C16":"Concentration of the given metabolite in the analyzed biofluid sample of interest.","C16:1":"Concentration of the given metabolite in the analyzed biofluid sample of interest.","C16:1OH":"Concentration of the given metabolite in the analyzed biofluid sample of interest.","C16:2":"Concentration of the given metabolite in the analyzed biofluid sample of interest.","C16:2OH":"Concentration of the given metabolite in the analyzed biofluid sample of interest.","C16OH":"Concentration of the given metabolite in the analyzed biofluid sample of interest.","C18":"Concentration of the given metabolite in the analyzed biofluid sample of interest.","C18:1":"Concentration of the given metabolite in the analyzed biofluid sample of interest.","C18:1OH":"Concentration of the given metabolite in the analyzed biofluid sample of interest.","C18:2":"Concentration of the given metabolite in the analyzed biofluid sample of interest.","C2":"Concentration of the given metabolite in the analyzed biofluid sample of interest.","C3":"Concentration of the given metabolite in the analyzed biofluid sample of interest.","C3:1":"Concentration of the given metabolite in the analyzed biofluid sample of interest.","C3OH":"Concentration of the given metabolite in the analyzed biofluid sample of interest.","C4":"Concentration of the given metabolite in the analyzed biofluid sample of interest.","C4:1":"Concentration of the given metabolite in the analyzed biofluid sample of interest.","C4OH":"Concentration of the given metabolite in the analyzed biofluid sample of interest.","C5":"Concentration of the given metabolite in the analyzed biofluid sample of interest.","C5:1":"Concentration of the given metabolite in the analyzed biofluid sample of interest.","C5:1DC":"Concentration of the given metabolite in the analyzed biofluid sample of interest.","C5DC":"Concentration of the given metabolite in the analyzed biofluid sample of interest.","C5MDC":"Concentration of the given metabolite in the analyzed biofluid sample of interest.","C5OH":"Concentration of the given metabolite in the analyzed biofluid sample of interest.","C6":"Concentration of the given metabolite in the analyzed biofluid sample of interest.","C6:1":"Concentration of the given metabolite in the analyzed biofluid sample of interest.","C7DC":"Concentration of the given metabolite in the analyzed biofluid sample of interest.","C8":"Concentration of the given metabolite in the analyzed biofluid sample of interest.","C9":"Concentration of the given metabolite in the analyzed biofluid sample of interest.","Carnosine":"Concentration of the given metabolite in the analyzed biofluid sample of interest.","Citrulline":"Concentration of the given metabolite in the analyzed biofluid sample of interest.","Creatinine":"Concentration of the given metabolite in the analyzed biofluid sample of interest.","Glutamic acid":"Concentration of the given metabolite in the analyzed biofluid sample of interest.","Glutamine":"Concentration of the given metabolite in the analyzed biofluid sample of interest.","Glycine":"Concentration of the given metabolite in the analyzed biofluid sample of interest.","Histamine":"Concentration of the given metabolite in the analyzed biofluid sample of interest.","Histidine":"Concentration of the given metabolite in the analyzed biofluid sample of interest.","Isoleucine":"Concentration of the given metabolite in the analyzed biofluid sample of interest.","Kynurenine":"Concentration of the given metabolite in the analyzed biofluid sample of interest.","Leucine":"Concentration of the given metabolite in the analyzed biofluid sample of interest.","Lysine":"Concentration of the given metabolite in the analyzed biofluid sample of interest.","LysoPC a C14:0":"Concentration of the given metabolite in the analyzed biofluid sample of interest.","LysoPC a C16:0":"Concentration of the given metabolite in the analyzed biofluid sample of interest.","LysoPC a C16:1":"Concentration of the given metabolite in the analyzed biofluid sample of interest.","LysoPC a C17:0":"Concentration of the given metabolite in the analyzed biofluid sample of interest.","LysoPC a C18:0":"Concentration of the given metabolite in the analyzed biofluid sample of interest.","LysoPC a C18:1":"Concentration of the given metabolite in the analyzed biofluid sample of interest.","LysoPC a C18:2":"Concentration of the given metabolite in the analyzed biofluid sample of interest.","LysoPC a C20:3":"Concentration of the given metabolite in the analyzed biofluid sample of interest.","LysoPC a C20:4":"Concentration of the given metabolite in the analyzed biofluid sample of interest.","LysoPC a C24:0":"Concentration of the given metabolite in the analyzed biofluid sample of interest.","LysoPC a C26:0":"Concentration of the given metabolite in the analyzed biofluid sample of interest.","LysoPC a C26:1":"Concentration of the given metabolite in the analyzed biofluid sample of interest.","LysoPC a C28:0":"Concentration of the given metabolite in the analyzed biofluid sample of interest.","LysoPC a C28:1":"Concentration of the given metabolite in the analyzed biofluid sample of interest.","Methionine":"Concentration of the given metabolite in the analyzed biofluid sample of interest.","Methionine-sulfoxide":"Concentration of the given metabolite in the analyzed biofluid sample of interest.","Ornithine":"Concentration of the given metabolite in the analyzed biofluid sample of interest.","PC aa C32:2":"Concentration of the given metabolite in the analyzed biofluid sample of interest.","PC aa C36:0":"Concentration of the given metabolite in the analyzed biofluid sample of interest.","PC aa C36:6":"Concentration of the given metabolite in the analyzed biofluid sample of interest.","PC aa C38:0":"Concentration of the given metabolite in the analyzed biofluid sample of interest.","PC aa C38:6":"Concentration of the given metabolite in the analyzed biofluid sample of interest.","PC aa C40:1":"Concentration of the given metabolite in the analyzed biofluid sample of interest.","PC aa C40:2":"Concentration of the given metabolite in the analyzed biofluid sample of interest.","PC aa C40:6":"Concentration of the given metabolite in the analyzed biofluid sample of interest.","PC ae C36:0":"Concentration of the given metabolite in the analyzed biofluid sample of interest.","PC ae C40:6":"Concentration of the given metabolite in the analyzed biofluid sample of interest.","Phenylalanine":"Concentration of the given metabolite in the analyzed biofluid sample of interest.","Phenylethylamine":"Concentration of the given metabolite in the analyzed biofluid sample of interest.","Pig_ID":"The ID of the pig that the sample was collected from.","Proline":"Concentration of the given metabolite in the analyzed biofluid sample of interest.","Putrescine":"Concentration of the given metabolite in the analyzed biofluid sample of interest.","Reproductive_Group":"The reproductive group of the pig defined by her reproductive performance throughout her lifetime.","SM C16:0":"Concentration of the given metabolite in the analyzed biofluid sample of interest.","SM C16:1":"Concentration of the given metabolite in the analyzed biofluid sample of interest.","SM C18:0":"Concentration of the given metabolite in the analyzed biofluid sample of interest.","SM C18:1":"Concentration of the given metabolite in the analyzed biofluid sample of interest.","SM C20:2":"Concentration of the given metabolite in the analyzed biofluid sample of interest.","SM(OH) C14:1":"Concentration of the given metabolite in the analyzed biofluid sample of interest.","SM(OH) C16:1":"Concentration of the given metabolite in the analyzed biofluid sample of interest.","SM(OH) C22:1":"Concentration of the given metabolite in the analyzed biofluid sample of interest.","SM(OH) C22:2":"Concentration of the given metabolite in the analyzed biofluid sample of interest.","SM(OH) C24:1":"Concentration of the given metabolite in the analyzed biofluid sample of interest.","Sample_Analysis_ID":"The ID of the sample in the experimental analysis.","Serine":"Concentration of the given metabolite in the analyzed biofluid sample of interest.","Spermidine":"Concentration of the given metabolite in the analyzed biofluid sample of interest.","Spermine":"Concentration of the given metabolite in the analyzed biofluid sample of interest.","Taurine":"Concentration of the given metabolite in the analyzed biofluid sample of interest.","Threonine":"Concentration of the given metabolite in the analyzed biofluid sample of interest.","Tryptophan":"Concentration of the given metabolite in the analyzed biofluid sample of interest.","Tyrosine":"Concentration of the given metabolite in the analyzed biofluid sample of interest.","Valine":"Concentration of the given metabolite in the analyzed biofluid sample of interest.","alpha-Aminoadipic acid":"Concentration of the given metabolite in the analyzed biofluid sample of interest.","trans-Hydroxyproline":"Concentration of the given metabolite in the analyzed biofluid sample of interest."}}