{"type":"spec/capture_base/1.0","digest":"EQuRLGtkvDkwMfszpiLm7Qn5I0ehjVI-YKky8eoH--nw","classification":"RDF402","attributes":{"Acetyl-ornithine":"Numeric","Alanine":"Numeric","Arginine":"Numeric","Asparagine":"Numeric","Aspartic acid":"Numeric","Asymmetric dimethylarginine":"Numeric","C0":"Numeric","C10":"Numeric","C10:1":"Numeric","C10:2":"Numeric","C12":"Numeric","C12:1":"Numeric","C12DC":"Numeric","C14":"Numeric","C14:1":"Numeric","C14:1OH":"Numeric","C14:2":"Numeric","C14:2OH":"Numeric","C16":"Numeric","C16:1":"Numeric","C16:1OH":"Numeric","C16:2":"Numeric","C16:2OH":"Numeric","C16OH":"Numeric","C18":"Numeric","C18:1":"Numeric","C18:1OH":"Numeric","C18:2":"Numeric","C2":"Numeric","C3":"Numeric","C3:1":"Numeric","C3OH":"Numeric","C4":"Numeric","C4:1":"Numeric","C4OH":"Numeric","C5":"Numeric","C5:1":"Numeric","C5:1DC":"Numeric","C5DC":"Numeric","C5MDC":"Numeric","C5OH":"Numeric","C6":"Numeric","C6:1":"Numeric","C7DC":"Numeric","C8":"Numeric","C9":"Numeric","Carnosine":"Numeric","Citrulline":"Numeric","Creatinine":"Numeric","Glutamic acid":"Numeric","Glutamine":"Numeric","Glycine":"Numeric","Histamine":"Numeric","Histidine":"Numeric","Isoleucine":"Numeric","Kynurenine":"Numeric","Leucine":"Numeric","Lysine":"Numeric","LysoPC a C14:0":"Numeric","LysoPC a C16:0":"Numeric","LysoPC a C16:1":"Numeric","LysoPC a C17:0":"Numeric","LysoPC a C18:0":"Numeric","LysoPC a C18:1":"Numeric","LysoPC a C18:2":"Numeric","LysoPC a C20:3":"Numeric","LysoPC a C20:4":"Numeric","LysoPC a C24:0":"Numeric","LysoPC a C26:0":"Numeric","LysoPC a C26:1":"Numeric","LysoPC a C28:0":"Numeric","LysoPC a C28:1":"Numeric","Methionine":"Numeric","Methionine-sulfoxide":"Numeric","Ornithine":"Numeric","PC aa C32:2":"Numeric","PC aa C36:0":"Numeric","PC aa C36:6":"Numeric","PC aa C38:0":"Numeric","PC aa C38:6":"Numeric","PC aa C40:1":"Numeric","PC aa C40:2":"Numeric","PC aa C40:6":"Numeric","PC ae C36:0":"Numeric","PC ae C40:6":"Numeric","Phenylalanine":"Numeric","Phenylethylamine":"Numeric","Pig_ID":"Text","Proline":"Numeric","Putrescine":"Numeric","Reproductive_Group":"Text","SM C16:0":"Numeric","SM C16:1":"Numeric","SM C18:0":"Numeric","SM C18:1":"Numeric","SM C20:2":"Numeric","SM(OH) C14:1":"Numeric","SM(OH) C16:1":"Numeric","SM(OH) C22:1":"Numeric","SM(OH) C22:2":"Numeric","SM(OH) C24:1":"Numeric","Sample_Analysis_ID":"Text","Serine":"Numeric","Spermidine":"Numeric","Spermine":"Numeric","Taurine":"Numeric","Threonine":"Numeric","Tryptophan":"Numeric","Tyrosine":"Numeric","Valine":"Numeric","alpha-Aminoadipic acid":"Numeric","trans-Hydroxyproline":"Numeric"},"flagged_attributes":[]}