{"capture_base":"EQuRLGtkvDkwMfszpiLm7Qn5I0ehjVI-YKky8eoH--nw","digest":"Er7duthYDBzqn73LAe6O_JLAWohmaS5ker3RSVe0Ea20","type":"spec/overlays/conformance/1.0","attribute_conformance":{"Acetyl-ornithine":"O","Alanine":"O","Arginine":"O","Asparagine":"O","Aspartic acid":"O","Asymmetric dimethylarginine":"O","C0":"O","C10":"O","C10:1":"O","C10:2":"O","C12":"O","C12:1":"O","C12DC":"O","C14":"O","C14:1":"O","C14:1OH":"O","C14:2":"O","C14:2OH":"O","C16":"O","C16:1":"O","C16:1OH":"O","C16:2":"O","C16:2OH":"O","C16OH":"O","C18":"O","C18:1":"O","C18:1OH":"O","C18:2":"O","C2":"O","C3":"O","C3:1":"O","C3OH":"O","C4":"O","C4:1":"O","C4OH":"O","C5":"O","C5:1":"O","C5:1DC":"O","C5DC":"O","C5MDC":"O","C5OH":"O","C6":"O","C6:1":"O","C7DC":"O","C8":"O","C9":"O","Carnosine":"O","Citrulline":"O","Creatinine":"O","Glutamic acid":"O","Glutamine":"O","Glycine":"O","Histamine":"O","Histidine":"O","Isoleucine":"O","Kynurenine":"O","Leucine":"O","Lysine":"O","LysoPC a C14:0":"O","LysoPC a C16:0":"O","LysoPC a C16:1":"O","LysoPC a C17:0":"O","LysoPC a C18:0":"O","LysoPC a C18:1":"O","LysoPC a C18:2":"O","LysoPC a C20:3":"O","LysoPC a C20:4":"O","LysoPC a C24:0":"O","LysoPC a C26:0":"O","LysoPC a C26:1":"O","LysoPC a C28:0":"O","LysoPC a C28:1":"O","Methionine":"O","Methionine-sulfoxide":"O","Ornithine":"O","PC aa C32:2":"O","PC aa C36:0":"O","PC aa C36:6":"O","PC aa C38:0":"O","PC aa C38:6":"O","PC aa C40:1":"O","PC aa C40:2":"O","PC aa C40:6":"O","PC ae C36:0":"O","PC ae C40:6":"O","Phenylalanine":"O","Phenylethylamine":"O","Pig_ID":"O","Proline":"O","Putrescine":"O","Reproductive_Group":"O","SM C16:0":"O","SM C16:1":"O","SM C18:0":"O","SM C18:1":"O","SM C20:2":"O","SM(OH) C14:1":"O","SM(OH) C16:1":"O","SM(OH) C22:1":"O","SM(OH) C22:2":"O","SM(OH) C24:1":"O","Sample_Analysis_ID":"O","Serine":"O","Spermidine":"O","Spermine":"O","Taurine":"O","Threonine":"O","Tryptophan":"O","Tyrosine":"O","Valine":"O","alpha-Aminoadipic acid":"O","trans-Hydroxyproline":"O"}}