{
  "files": {
    "EQuRLGtkvDkwMfszpiLm7Qn5I0ehjVI-YKky8eoH--nw": {
      "character_encoding": "El3xCZCx0BwZP4ati6hDdMOyWihFHpnZ1dGowYHfOr48",
      "conformance": "Er7duthYDBzqn73LAe6O_JLAWohmaS5ker3RSVe0Ea20",
      "entry (en)": "EuNzTWxGotP56pJZSNFqvThyGBS8owdZTC7u1Z3vZ79Q",
      "entry_code": "Epj6GeAwK4uUSpGihHKTaUiEXZiR6zGXazhD2TYU5zk8",
      "information (en)": "EL-UOXVfYCIS-noddMEkuTAVHomwJnLsvK1ZRuMdKa-g",
      "label (en)": "EAjiePfROjjj4HR7Vx9rKJFFbaBZCK04XwyeJpEfKTBY",
      "meta (en)": "EbH-IsXCQlf7PB1Ma9ZVJSt4uHsHL48KMrRtohpOnIzc",
      "unit": "E3NsuPQpChdiIUzb5KqCarxOxKu8dOlH0wC3Oi2MuM2E"
    }
  },
  "root": "EQuRLGtkvDkwMfszpiLm7Qn5I0ehjVI-YKky8eoH--nw"
}