{"capture_base":"EsjG9RorD_tcAzcwm5Y-okGOOietLCCLRXSKxiZHF6Us","digest":"E06CF2ABpenuVOMFmOXS-Mj2b9zMnu6lLPtQWU3YYP6A","type":"spec/overlays/label/1.0","language":"en","attribute_labels":{"SV_10;Bacteria;Actinomycetota;Actinomycetes;Bifidobacteriales;Bifidobacteriaceae;Bifidobacterium;Bifidobacterium_polysaccharolyticum":"Bifidobacterium polysaccharolyticum Relative Abundance","SV_11;Bacteria;Bacillota;Bacilli;Lactobacillales;Lactobacillaceae;Bombilactobacillus;Bombilactobacillus_mellis":"Bombilactobacillus mellis Relative Abundance (var1)","SV_12;Bacteria;Bacillota;Bacilli;Lactobacillales;Lactobacillaceae;Bombilactobacillus;Bombilactobacillus_mellis":"Bombilactobacillus mellis Relative Abundance (var2)","SV_13;Bacteria;Bacillota;Bacilli;Lactobacillales;Lactobacillaceae;Lactobacillus;Lactobacillus_kimbladii":"Lactobacillus kimbladii Relative Abundance","SV_14;Bacteria;Bacillota;Bacilli;Lactobacillales;Lactobacillaceae;Lactobacillus;Lactobacillus_melliventris":"Lactobacillus melliventris Relative Abundance (var2)","SV_15;Bacteria;Pseudomonadota;Alphaproteobacteria;Rhodospirillales;Acetobacteraceae;bsv105;bsv105_bsv105":"Acetobacteraceae bsv105 Relative Abundance","SV_16;Bacteria;Pseudomonadota;Alphaproteobacteria;Hyphomicrobiales;Bartonellaceae;Bartonella;Bartonella_apis":"Bartonella apis Relative Abundance (var2)","SV_1;Bacteria;Pseudomonadota;Alphaproteobacteria;Hyphomicrobiales;Bartonellaceae;Bartonella;Bartonella_apis":"Bartonella apis Relative Abundance (var1)","SV_2;Bacteria;Bacillota;Bacilli;Lactobacillales;Lactobacillaceae;Lactobacillus;Lactobacillus_apis":"Lactobacillus apis Relative Abundance (var1)","SV_3;Bacteria;Actinomycetota;Actinomycetes;Bifidobacteriales;Bifidobacteriaceae;Bifidobacterium;Bifidobacterium_apousia":"Bifidobacterium apousia Relative Abundance","SV_4;Bacteria;Bacillota;Bacilli;Lactobacillales;Lactobacillaceae;Apilactobacillus;Apilactobacillus_kunkeei":"Apilactobacillus kunkeei Relative Abundance","SV_5;Bacteria;Bacillota;Bacilli;Lactobacillales;Lactobacillaceae;Lactobacillus;Lactobacillus_melliventris":"Lactobacillus melliventris Relative Abundance (var1)","SV_6;Bacteria;Actinomycetota;Actinomycetes;Bifidobacteriales;Bifidobacteriaceae;Bifidobacterium;Bifidobacterium_coryneforme":"Bifidobacterium coryneforme Relative Abundance","SV_7;Bacteria;Bacillota;Bacilli;Lactobacillales;Lactobacillaceae;Lactobacillus;Lactobacillus_apis":"Lactobacillus apis Relative Abundance (var2)","SV_8;Bacteria;Bacillota;Bacilli;Lactobacillales;Lactobacillaceae;Lactobacillus;Lactobacillus_helsingborgensis":"Lactobacillus helsingborgensis Relative Abundance","SV_9;Bacteria;Pseudomonadota;Betaproteobacteria;Neisseriales;Neisseriaceae;Snodgrassella;Snodgrassella_alvi":"Snodgrassella alvi Relative Abundance","beekeeper_id":"Beekeeper Identifier","breed":"Bee Breed","build":"Hive Management Type","date":"Sample Collection Date","hive_id":"Hive Identifier","province":"Province/Region","sample_id":"Unique Sample Identifier","sample_id2":"Secondary Sample Identifier"},"attribute_categories":[],"category_labels":{}}