{"capture_base":"EsjG9RorD_tcAzcwm5Y-okGOOietLCCLRXSKxiZHF6Us","digest":"Ep9sIb-JrxXnVhsbZ2rX2OWtQHG6P4PED_tmNFEg_lRw","type":"spec/overlays/information/1.0","language":"en","attribute_information":{"SV_10;Bacteria;Actinomycetota;Actinomycetes;Bifidobacteriales;Bifidobacteriaceae;Bifidobacterium;Bifidobacterium_polysaccharolyticum":"The relative abundance of Bifidobacterium polysaccharolyticum in the sample.","SV_11;Bacteria;Bacillota;Bacilli;Lactobacillales;Lactobacillaceae;Bombilactobacillus;Bombilactobacillus_mellis":"The relative abundance of Bombilactobacillus mellis, a lactic acid bacterium found in bees. Variant type 1.","SV_12;Bacteria;Bacillota;Bacilli;Lactobacillales;Lactobacillaceae;Bombilactobacillus;Bombilactobacillus_mellis":"The relative abundance of Bombilactobacillus mellis, a lactic acid bacterium found in bees. Variant type 2.","SV_13;Bacteria;Bacillota;Bacilli;Lactobacillales;Lactobacillaceae;Lactobacillus;Lactobacillus_kimbladii":"The relative abundance of Lactobacillus kimbladii, a beneficial gut-associated bacterium.","SV_14;Bacteria;Bacillota;Bacilli;Lactobacillales;Lactobacillaceae;Lactobacillus;Lactobacillus_melliventris":"The relative abundance of Lactobacillus melliventris in the sample. Variant type 2.","SV_15;Bacteria;Pseudomonadota;Alphaproteobacteria;Rhodospirillales;Acetobacteraceae;bsv105;bsv105_bsv105":"The relative abundance of an unclassified Acetobacteraceae bacterium (bsv105) in the sample. The identifer bsv105 represents a predicted novel species.","SV_16;Bacteria;Pseudomonadota;Alphaproteobacteria;Hyphomicrobiales;Bartonellaceae;Bartonella;Bartonella_apis":"The relative abundance of Bartonella apis, a core gut bacterium in honeybees. Variant type 2.","SV_1;Bacteria;Pseudomonadota;Alphaproteobacteria;Hyphomicrobiales;Bartonellaceae;Bartonella;Bartonella_apis":"The relative abundance of Bartonella apis, a core gut bacterium in honeybees. Variant type 1.","SV_2;Bacteria;Bacillota;Bacilli;Lactobacillales;Lactobacillaceae;Lactobacillus;Lactobacillus_apis":"The relative abundance of Lactobacillus apis in the sample. Variant type 1.","SV_3;Bacteria;Actinomycetota;Actinomycetes;Bifidobacteriales;Bifidobacteriaceae;Bifidobacterium;Bifidobacterium_apousia":"The relative abundance of Bifidobacterium apousia in the sample.","SV_4;Bacteria;Bacillota;Bacilli;Lactobacillales;Lactobacillaceae;Apilactobacillus;Apilactobacillus_kunkeei":"The relative abundance of Apilactobacillus kunkeei in the sample.","SV_5;Bacteria;Bacillota;Bacilli;Lactobacillales;Lactobacillaceae;Lactobacillus;Lactobacillus_melliventris":"The relative abundance of Lactobacillus melliventris in the sample. Variant type 1.","SV_6;Bacteria;Actinomycetota;Actinomycetes;Bifidobacteriales;Bifidobacteriaceae;Bifidobacterium;Bifidobacterium_coryneforme":"The relative abundance of Bifidobacterium coryneforme in the sample.","SV_7;Bacteria;Bacillota;Bacilli;Lactobacillales;Lactobacillaceae;Lactobacillus;Lactobacillus_apis":"The relative abundance of Lactobacillus apis in the sample. Variant type 2.","SV_8;Bacteria;Bacillota;Bacilli;Lactobacillales;Lactobacillaceae;Lactobacillus;Lactobacillus_helsingborgensis":"The relative abundance of Lactobacillus helsingborgensis in the sample.","SV_9;Bacteria;Pseudomonadota;Betaproteobacteria;Neisseriales;Neisseriaceae;Snodgrassella;Snodgrassella_alvi":"The relative abundance of Snodgrassella alvi, a core gut symbiont of honeybees.","beekeeper_id":"A unique identifier for the beekeeper managing the hive.","breed":"The breed or genetic lineage of the honeybee colony.","build":"Classification of the hive as commercial or organic.","date":"The date on which the sample was collected from the hive.","hive_id":"A unique identifier for the hive from which the sample was collected.","province":"The Canadian province where the sample was collected.","sample_id":"A unique alphanumeric identifier assigned to each sample. The S[0-9]+ part of the name is relevent to the sequencing run from which the data was derived.","sample_id2":"An alternative identifier used for internal tracking. This is the main Canadian Bee Gut Project identifier used for internal and external sample referencing."}}