{"type":"spec/capture_base/1.0","digest":"EsjG9RorD_tcAzcwm5Y-okGOOietLCCLRXSKxiZHF6Us","classification":"RDF401","attributes":{"SV_10;Bacteria;Actinomycetota;Actinomycetes;Bifidobacteriales;Bifidobacteriaceae;Bifidobacterium;Bifidobacterium_polysaccharolyticum":"Numeric","SV_11;Bacteria;Bacillota;Bacilli;Lactobacillales;Lactobacillaceae;Bombilactobacillus;Bombilactobacillus_mellis":"Numeric","SV_12;Bacteria;Bacillota;Bacilli;Lactobacillales;Lactobacillaceae;Bombilactobacillus;Bombilactobacillus_mellis":"Numeric","SV_13;Bacteria;Bacillota;Bacilli;Lactobacillales;Lactobacillaceae;Lactobacillus;Lactobacillus_kimbladii":"Numeric","SV_14;Bacteria;Bacillota;Bacilli;Lactobacillales;Lactobacillaceae;Lactobacillus;Lactobacillus_melliventris":"Numeric","SV_15;Bacteria;Pseudomonadota;Alphaproteobacteria;Rhodospirillales;Acetobacteraceae;bsv105;bsv105_bsv105":"Numeric","SV_16;Bacteria;Pseudomonadota;Alphaproteobacteria;Hyphomicrobiales;Bartonellaceae;Bartonella;Bartonella_apis":"Numeric","SV_1;Bacteria;Pseudomonadota;Alphaproteobacteria;Hyphomicrobiales;Bartonellaceae;Bartonella;Bartonella_apis":"Numeric","SV_2;Bacteria;Bacillota;Bacilli;Lactobacillales;Lactobacillaceae;Lactobacillus;Lactobacillus_apis":"Numeric","SV_3;Bacteria;Actinomycetota;Actinomycetes;Bifidobacteriales;Bifidobacteriaceae;Bifidobacterium;Bifidobacterium_apousia":"Numeric","SV_4;Bacteria;Bacillota;Bacilli;Lactobacillales;Lactobacillaceae;Apilactobacillus;Apilactobacillus_kunkeei":"Numeric","SV_5;Bacteria;Bacillota;Bacilli;Lactobacillales;Lactobacillaceae;Lactobacillus;Lactobacillus_melliventris":"Numeric","SV_6;Bacteria;Actinomycetota;Actinomycetes;Bifidobacteriales;Bifidobacteriaceae;Bifidobacterium;Bifidobacterium_coryneforme":"Numeric","SV_7;Bacteria;Bacillota;Bacilli;Lactobacillales;Lactobacillaceae;Lactobacillus;Lactobacillus_apis":"Numeric","SV_8;Bacteria;Bacillota;Bacilli;Lactobacillales;Lactobacillaceae;Lactobacillus;Lactobacillus_helsingborgensis":"Numeric","SV_9;Bacteria;Pseudomonadota;Betaproteobacteria;Neisseriales;Neisseriaceae;Snodgrassella;Snodgrassella_alvi":"Numeric","beekeeper_id":"Text","breed":"Text","build":"Text","date":"DateTime","hive_id":"Text","province":"Text","sample_id":"Text","sample_id2":"Text"},"flagged_attributes":["beekeeper_id"]}