{"capture_base":"EsjG9RorD_tcAzcwm5Y-okGOOietLCCLRXSKxiZHF6Us","digest":"EXX29QKpmfNWGaF4pOlVMqi5_EhMtpYRlXN9ssR03Mf8","type":"spec/overlays/meta/1.0","language":"en","name":"Canadian Bee Gut Project Data Schema","description":"The Canadian Bee Gut Project (CBGP) dataset captures comprehensive microbiome and metadata associated with honey bee colonies across Canada. The schema includes essential identifiers such as sample ID, hive ID, beekeeper ID, and province, along with hive attributes like bee breed, colony management type (commercial/organic), and sampling date. Additionally, the dataset features relative abundances of key bacterial taxa identified through sequencing, including members of the Lactobacillaceae, Bifidobacteriaceae, and Bartonellaceae families, among others. This shcema will be extended to include addtional taxonomic infromation as more sequencing data is generated from the samples over time. This structured data facilitates microbial ecology research, enabling insights into regional variations, host-microbiota interactions, and potential links to colony health and resilience."}