{"type":"spec/capture_base/1.0","digest":"Ekkq6u76WG7ZtD7AKRapn8nBENATUuuM8JYb6ecAA_Dg","classification":"","attributes":{"% Cropland":"Text","% Suitability":"Text","Al":"Text","Bn":"Text","Br":"Text","CE_%Crop%":"Binary","CI_%Crop%":"Binary","CU":"Text","CU_%crop%_AgFr":"Binary","CU_%crop%_NonFr":"Binary","CU_Bin_AgFr":"Binary","CU_Pure_NonFr":"Numeric","Cf":"Text","Co":"Text","Cumul_CU_AgFr":"Numeric","Cumul_EM_AgFr":"Numeric","EM":"Text","EM_%crop%_AgFr":"Binary","EM_%crop%_NonFr":"Binary","EM_Bin_AgFr":"Binary","EM_Pure_NonFr":"Numeric","FE_%Crop%":"Binary","FI_%Crop%":"Binary","Fm":"Text","Fx":"Text","Mt":"Text","Mz":"Text","PuCU_Binary":"Binary","PuCU_agg":"Numeric","PuEM_Binary":"Binary","PuEM_agg":"Numeric","PuEMxHotspots":"Binary","PuEMxSOC_tonha":"Numeric","PuEMxWDPA":"Binary","Rs":"Text","SP":"Text","So":"Text","WP":"Text","Wh":"Text","Ym":"Text"},"flagged_attributes":[]}