{"capture_base":"Ekkq6u76WG7ZtD7AKRapn8nBENATUuuM8JYb6ecAA_Dg","digest":"EtdXnbqzFoCrcZ_X8W4hiJNdvMvqusV3fd76Hhu-2jXg","type":"spec/overlays/label/1.0","language":"en","attribute_labels":{"% Cropland":"Percent cropland threshold","% Suitability":"Percent suitability threshold","Al":"Alfalfa","Bn":"Banana","Br":"Barley","CE_%Crop%":"Current exclusion layer","CI_%Crop%":"Current inclusion layer","CU":"Current","CU_%crop%_AgFr":"Current single-crop agricultural frontiers","CU_%crop%_NonFr":"Current single-crop agricultural non-frontiers","CU_Bin_AgFr":"Current binary agricultural frontiers","CU_Pure_NonFr":"Pure current non-frontiers","Cf":"Coffee","Co":"Cocoa","Cumul_CU_AgFr":"Current cumulative agricultural frontiers","Cumul_EM_AgFr":"Emerging cumulative agricultural frontiers","EM":"Emerging","EM_%crop%_AgFr":"Emerging single-crop agricultural frontiers","EM_%crop%_NonFr":"Emerging single-crop agricultural non-frontiers","EM_Bin_AgFr":"Emerging binary agricultural frontiers","EM_Pure_NonFr":"Pure emerging non-frontiers","FE_%Crop%":"Future exclusion layer","FI_%Crop%":"Future inclusion layer","Fm":"Foxtail Millet","Fx":":Flax","Mt":"Millet","Mz":"Maize","PuCU_Binary":"Pure current frontiers (binary)","PuCU_agg":"Pure current aggregate frontiers","PuEM_Binary":"Pure emerging frontiers (binary)","PuEM_agg":"Pure emerging aggregate frontiers","PuEMxHotspots":"Intersection of biodiversity hotspots and pure emerging frontiers","PuEMxSOC_tonha":"Intersection of soil organic carbon and pure emerging frontiers","PuEMxWDPA":"Intersection of protected areas and pure emerging frontiers","Rs":"Rapeseed","SP":"Sweet Potato","So":"Soy","WP":"White Potato","Wh":"Wheat","Ym":"Yam"},"attribute_categories":[],"category_labels":{}}