{"capture_base":"Ekkq6u76WG7ZtD7AKRapn8nBENATUuuM8JYb6ecAA_Dg","digest":"EVTEuboTHOvhqaI_6KifOjbB29vBlzuvStC7f6iNCXMc","type":"spec/overlays/information/1.0","language":"en","attribute_information":{"% Cropland":"This threshold indicates the minimum amount of cropland in a cell to be considered \"cropland\". It was used for a cropland layer that was not binary. Ex. 5% cropland indicates that at least 5% of each cell contains cropland.","% Suitability":"This threshold indicates the minimum value of a cell to be considered \"suitable\". It was used for FAO suitability data that were not binary. Ex. 5% suitability indicates that at least 5% of each cell contains suitable land for a crop.","Al":"Abbreviation for Alfalfa","Bn":"Abbreviation for Banana","Br":"Abbreviation for Barley","CE_%Crop%":"Exclusion layer used in the frontier model - where 0 represents suitable area for a specific crop, and 1 represents unsuitable area for a specific crop for the current time period (2011-2040)","CI_%Crop%":"Inclusion layer used in the frontier model - where 0 represents unsuitable area for a specific crop, and 1 represents suitable area for a specific crop for the current time period (2011-2040)","CU":"Time period of 2011-2040","CU_%crop%_AgFr":"Area that is considered suitable for a certain crop in the current time period (2011-2040) and is not currently under agriculture","CU_%crop%_NonFr":"Area that is currently harvested for a certain crop, but will no longer be suitable in the current time period (2011-2040)","CU_Bin_AgFr":"Binary layer of all current frontiers","CU_Pure_NonFr":"Cumulative area of current non-frontiers that does not overlap with any current frontiers","Cf":"Abbreviation for Coffee","Co":"Abbreviation for Cocoa","Cumul_CU_AgFr":"Mosaic layer of all current single-crop frontiers. Value indicates the number of crops which have a current frontier in each cell","Cumul_EM_AgFr":"Mosaic layer of all emerging single-crop frontiers. Value indicates the number of crops which have an emerging frontier in each cell","EM":"Time period of 2071-2100","EM_%crop%_AgFr":"Area that is considered suitable for a certain crop in the emerging time period (2071-2100), is not currently under agriculture, and is not suitable in the current time period (2011-2040)","EM_%crop%_NonFr":"Area that is currently harvested for a certain crop, but will no longer be suitable in the emerging time period (2071-2100)","EM_Bin_AgFr":"Binary layer of all emerging frontiers","EM_Pure_NonFr":"Cumulative area of emerging non-frontiers that does not overlap with any emerging frontiers","FE_%Crop%":"Exclusion layer used in the frontier model - where 0 represents suitable area for a specific crop, and 1 represents unsuitable area for a specific crop for the emerging time period (2071-2100)","FI_%Crop%":"Inclusion layer used in the frontier model - where 0 represents unsuitable area for a specific crop, and 1 represents suitable area for a specific crop for the emerging time period (2071-2100)","Fm":"Abbreviation for Foxtail Millet","Fx":"Abbreviation for Flax","Mt":"Abbreviation for Millet","Mz":"Abbreviation for Maize","PuCU_Binary":"Cumulative area of current frontiers that does not overlap with any emerging frontiers","PuCU_agg":"Cumulative area of current frontiers that does not overlap with emerging frontiers - where the value indicates the number of crops which have an emerging frontier in each cell","PuEM_Binary":"Cumulative area of emerging frontiers that does not overlap with any current frontiers","PuEM_agg":"Cumulative area of emerging frontiers that does not overlap with any current frontiers - where the value indicates the number of crops which have an emerging frontier in each cell","PuEMxHotspots":"Area of biodiversity hotspots that falls within pure emerging frontiers","PuEMxSOC_tonha":"Amount of soil organic carbon that lies within 30m depth of pure emerging frontiers","PuEMxWDPA":"Area of protected areas that falls within pure emerging frontiers","Rs":"Abbreviation for Rapeseed","SP":"Abbreviation for Sweet Potato","So":"Abbreviation for Soy","WP":"Abbreviation for White Potato","Wh":"Abbreviation for Wheat","Ym":"Abbreviation for Yam"}}