{"type":"spec/capture_base/1.0","digest":"E5UsEHFRvxIYuw1YGgFLOUA7dOSk4vWdMzU17OIUHrrU","classification":"RDF402","attributes":{"Average_NPD":"Numeric","Average_Services_Per_Parity":"Numeric","Average_litter_weight_kg":"Numeric","Average_piglet_weight_kg":"Numeric","DOB":"DateTime","FI":"Numeric","Farrowing_Interval":"Numeric","Genetics":"Text","Gestation_Length":"Numeric","ID":"Numeric","Lactation_Length":"Numeric","Liveborn":"Numeric","Mummified":"Numeric","NPD":"Numeric","Notes":"Text","Parity":"Numeric","Piglet_Loss_Percentage":"Numeric","Piglet_losses_at_farrowing":"Numeric","Piglets_Weaned":"Numeric","Sample_collection_date":"DateTime","Status":"Text","Stillborn":"Numeric","Total_Born":"Numeric"},"flagged_attributes":[]}