{"capture_base":"E5UsEHFRvxIYuw1YGgFLOUA7dOSk4vWdMzU17OIUHrrU","digest":"E6q3Ba86hWtWnna7gqObmPp4H5nV2GSTe_TjiD_lrt44","type":"spec/overlays/information/1.0","language":"en","attribute_information":{"Average_NPD":"Average number of days the sow was not pregnant, farrowing, or nursing across her parities.","Average_Services_Per_Parity":"Average number of rounds of artificial insemination the sow received per litter.","Average_litter_weight_kg":"Average weight of a sow's litters across her lifetime","Average_piglet_weight_kg":"Average weight of a piglet in a sow's litter across her lifetime","DOB":"The date that the sow was born.","FI":"How many litters a pig has in a year.","Farrowing_Interval":"Average number of days between a farrowing and her next one.","Genetics":"Genetics of the pig.","Gestation_Length":"The length of the pigs pregnancy before she farrows.","ID":"The identification number of the pig on the farm it was sampled from.","Lactation_Length":"How long after farrowing the sow was nursing her piglets before weaning.","Liveborn":"Average number of alive piglets per litter.","Mummified":"Average number of mummified piglets per litter.","NPD":"How many days the sow was not pregnant, farrowing, or nursing during her most recent litter.","Notes":"Extra information regarding a sow's reproductive performance that may be useful or important for her use in the study.","Parity":"Number of litters that the sow has had in her lifetime.","Piglet_Loss_Percentage":"Average percentage of stillborn or mummified piglets relative to total born.","Piglet_losses_at_farrowing":"Average number of stillborn and mummified piglets per litter.","Piglets_Weaned":"Average piglets weaned per litter across a sow's lifetime.","Sample_collection_date":"The date that the sow was sampled for urine, saliva and serum.","Status":"Status of the sow in the herd at the time of data collection.","Stillborn":"Average number of stillborn piglets per litter.","Total_Born":"Average number of piglets born per litter (alive, stillborn or mummified)."}}