{"capture_base":"E5UsEHFRvxIYuw1YGgFLOUA7dOSk4vWdMzU17OIUHrrU","digest":"EkEDKZRCCecX2qKCdjy4JrtcztktP5abxrXCrMsWkr6Q","type":"spec/overlays/conformance/1.0","attribute_conformance":{"Average_NPD":"M","Average_Services_Per_Parity":"O","Average_litter_weight_kg":"M","Average_piglet_weight_kg":"M","DOB":"M","FI":"O","Farrowing_Interval":"O","Genetics":"M","Gestation_Length":"O","ID":"M","Lactation_Length":"M","Liveborn":"M","Mummified":"M","NPD":"O","Notes":"O","Parity":"M","Piglet_Loss_Percentage":"O","Piglet_losses_at_farrowing":"M","Piglets_Weaned":"M","Sample_collection_date":"O","Status":"M","Stillborn":"M","Total_Born":"M"}}