{"capture_base":"E5UsEHFRvxIYuw1YGgFLOUA7dOSk4vWdMzU17OIUHrrU","digest":"Ex2oX1Woj7tc21nH-LTM8_HAeT0zy6Z8ovIpTbiGJLf4","type":"spec/overlays/character_encoding/1.0","default_character_encoding":"utf-8","attribute_character_encoding":{"Average_NPD":"utf-8","Average_Services_Per_Parity":"utf-8","Average_litter_weight_kg":"utf-8","Average_piglet_weight_kg":"utf-8","DOB":"utf-8","FI":"utf-8","Farrowing_Interval":"utf-8","Genetics":"utf-8","Gestation_Length":"utf-8","ID":"utf-8","Lactation_Length":"utf-8","Liveborn":"utf-8","Mummified":"utf-8","NPD":"utf-8","Notes":"utf-8","Parity":"utf-8","Piglet_Loss_Percentage":"utf-8","Piglet_losses_at_farrowing":"utf-8","Piglets_Weaned":"utf-8","Sample_collection_date":"utf-8","Status":"utf-8","Stillborn":"utf-8","Total_Born":"utf-8"}}