{"capture_base":"E5UsEHFRvxIYuw1YGgFLOUA7dOSk4vWdMzU17OIUHrrU","digest":"EYLJ5rCXv0ycWVprhC2I6BVSg390MghQxo4GK55ahdng","type":"spec/overlays/label/1.0","language":"en","attribute_labels":{"Average_NPD":"Average non-productive days","Average_Services_Per_Parity":"Average Services per Parity","Average_litter_weight_kg":"Average litter weight in kilograms","Average_piglet_weight_kg":"Average piglet weight in kilograms","DOB":"Date of Birth","FI":"Farrowing Index","Farrowing_Interval":"Farrowing Interval","Genetics":"Genetics","Gestation_Length":"Gestation Length","ID":"Animal Identification Number","Lactation_Length":"Lactation length","Liveborn":"Liveborn","Mummified":"Mummified","NPD":"Non-productive days","Notes":"Notes","Parity":"Parity","Piglet_Loss_Percentage":"Piglet losses percentage","Piglet_losses_at_farrowing":"Piglet losses at farrowing","Piglets_Weaned":"Piglets weaned","Sample_collection_date":"Sample Collection Date","Status":"Status in the herd","Stillborn":"Stillborn","Total_Born":"Total born"},"attribute_categories":[],"category_labels":{}}