{
  "files": {
    "E5UsEHFRvxIYuw1YGgFLOUA7dOSk4vWdMzU17OIUHrrU": {
      "character_encoding": "Ex2oX1Woj7tc21nH-LTM8_HAeT0zy6Z8ovIpTbiGJLf4",
      "conformance": "EkEDKZRCCecX2qKCdjy4JrtcztktP5abxrXCrMsWkr6Q",
      "entry (en)": "E4TZUH_ANLmQTM9vfPbeoWMA1aTdsm6f8dJwYOcM_63Q",
      "entry_code": "E7r8ManQ2Q37KyhI1RGUV1wUvU3sIX0896Fpajcus_PI",
      "format": "EakKdShCahAmK6g3Vb9v2gzsESg6q15Uoowcbl0_m0xo",
      "information (en)": "E6q3Ba86hWtWnna7gqObmPp4H5nV2GSTe_TjiD_lrt44",
      "label (en)": "EYLJ5rCXv0ycWVprhC2I6BVSg390MghQxo4GK55ahdng",
      "meta (en)": "EEH8Bt1pCuzJ8gW7boF8vR5dQnpn9m7KM2ZD1U7ZAXgM"
    }
  },
  "root": "E5UsEHFRvxIYuw1YGgFLOUA7dOSk4vWdMzU17OIUHrrU"
}