{"capture_base":"Equl7djtUR9VJs-iDRTpfJei2IlHaahNbNG12M5Rs9u8","digest":"Ebq7SZjqGbM_AZO_wXS-VnmOYBSHfvNKHn28wxTEhP7A","type":"spec/overlays/label/1.0","language":"en","attribute_labels":{"Crop_Code":"Crop Code","Crop_Group":"Crop Group","Crop_Name":"Crop Name","Field_ID":"Field ID","Harvest_Date":"Harvest Date","Harvest_month":"Harvest Month","Land_id":"Land ID","Note":"Notes","ONFARM_ID":"ONFARM Program ID","Prdc_ID":"Producer ID","Residue_cover":"Residue Cover","SWAT_Code":"SWAT Code","Seed_Date":"Seeding Date","Seed_Month":"Seeding Month","Strawmgt_Code":"Straw Management Code","Strawmgt_Type":"Straw Management Type","Year":"Year"},"attribute_categories":[],"category_labels":{}}