{"capture_base":"Equl7djtUR9VJs-iDRTpfJei2IlHaahNbNG12M5Rs9u8","digest":"EMw0ESlfq66Y6475VZqWgpOgPYP6Lwzhm-GezaupYsy4","type":"spec/overlays/information/1.0","language":"en","attribute_information":{"Crop_Code":"Code for Crop","Crop_Group":"Crop Group","Crop_Name":"Crop Name","Field_ID":"ID for a Field in a Farm","Harvest_Date":"Harvesing Date for Crop","Harvest_month":"Harvetsing Month for Crop","Land_id":"ID for Land","Note":"Notes for Additional Information","ONFARM_ID":"ID for ONFARM Program","Prdc_ID":"ID for Producer or Farmer","Residue_cover":"Straw Management Percentages","SWAT_Code":"Crop Code for SWAT Model (CORN - corn, SOYB - Soybean, WWHT- Winter Wheat)","Seed_Date":"Seeding Date for Crop","Seed_Month":"Seeding Month for Crop","Strawmgt_Code":"Code for Straw Management","Strawmgt_Type":"Straw Management Type","Year":"Yes"}}