{"type":"spec/capture_base/1.0","digest":"Equl7djtUR9VJs-iDRTpfJei2IlHaahNbNG12M5Rs9u8","classification":"RDF405","attributes":{"Crop_Code":"Numeric","Crop_Group":"Text","Crop_Name":"Text","Field_ID":"Numeric","Harvest_Date":"DateTime","Harvest_month":"DateTime","Land_id":"Numeric","Note":"Text","ONFARM_ID":"Numeric","Prdc_ID":"Numeric","Residue_cover":"Numeric","SWAT_Code":"Text","Seed_Date":"DateTime","Seed_Month":"DateTime","Strawmgt_Code":"Numeric","Strawmgt_Type":"Text","Year":"DateTime"},"flagged_attributes":["Land_id","Prdc_ID","Field_ID","ONFARM_ID"]}