{"capture_base":"EluX6ZqwX6WHUHRP6SXpWg9cxJ6RfzGOq986-QWigA14","digest":"EhGuKB92ciFyT7KV-RkJoIJUsc1wvFkGJL0-ZFT7QYtk","type":"spec/overlays/label/1.0","language":"en","attribute_labels":{"Crop_Name":"Crop Name","Field_ID":"Field ID","Ftilimp1":"Fall Tillage 1","Ftilimp1_Date":"Fall Tillage 1 Date","Ftilimp1_Month":"Fall Tillage 1 Month","Ftilimp1_SWAT":"Fall Tillage 1 SWAT Code","Ftilimp1_Type":"Fall Tillage 1 Type","Ftilimp2":"Fall Tillage 2","Ftilimp2_Date":"Fall Tillage 2 Date","Ftilimp2_Month":"Fall Tillage 2 Month","Ftilimp2_SWAT":"Fall Tillage 2 SWAT Code","Ftilimp2_Type":"Fall Tillage 2 Type","Land_id":"Land ID","Note":"Notes","ONFARM_ID":"ONFARM ID","Prdc_ID":"Producer ID","Stilimp1":"Spring Tillage 1","Stilimp1_Date":"Spring Tillage 1 Date","Stilimp1_Month":"Spring Tillage 1 Month","Stilimp1_SWAT":"Spring Tillage 1 SWAT Code","Stilimp1_Type":"Spring Tillage 1 Type","Stilimp2":"Spring Tillage 2","Stilimp2_Date":"Spring Tillage 2 Date","Stilimp2_Month":"Spring Tillage 2 Month","Stilimp2_SWAT":"Spring Tillage 2 SWAT Code","Stilimp2_Type":"Spring Tillage 2 Type","Year":"Year"},"attribute_categories":[],"category_labels":{}}