{"type":"spec/capture_base/1.0","digest":"EluX6ZqwX6WHUHRP6SXpWg9cxJ6RfzGOq986-QWigA14","classification":"","attributes":{"Crop_Name":"Text","Field_ID":"Numeric","Ftilimp1":"Text","Ftilimp1_Date":"DateTime","Ftilimp1_Month":"DateTime","Ftilimp1_SWAT":"Numeric","Ftilimp1_Type":"Text","Ftilimp2":"Text","Ftilimp2_Date":"DateTime","Ftilimp2_Month":"DateTime","Ftilimp2_SWAT":"Numeric","Ftilimp2_Type":"Text","Land_id":"Numeric","Note":"Text","ONFARM_ID":"Numeric","Prdc_ID":"Numeric","Stilimp1":"Text","Stilimp1_Date":"DateTime","Stilimp1_Month":"DateTime","Stilimp1_SWAT":"Numeric","Stilimp1_Type":"Text","Stilimp2":"Text","Stilimp2_Date":"DateTime","Stilimp2_Month":"DateTime","Stilimp2_SWAT":"Numeric","Stilimp2_Type":"Text","Year":"DateTime"},"flagged_attributes":["Prdc_ID","Field_ID","ONFARM_ID"]}