{"capture_base":"EXcTABzZLzdt6nvvAgvXHUtprQrmdx_h-AcENtwOas3s","digest":"E4SPFppen4nh_krorszG86FHFJPT19JJ9qi_xp9mKo8E","type":"spec/overlays/character_encoding/1.0","default_character_encoding":"utf-8","attribute_character_encoding":{"# of Positives":"utf-8","# of Samples":"utf-8","# of Violations":"utf-8","Analyte":"utf-8","Chemical Class":"utf-8","MRL (ppm)":"utf-8","Max (ppm)":"utf-8","Mean (ppm)":"utf-8","Min (ppm)":"utf-8","Product":"utf-8","Testing Program":"utf-8","Total # of Samples tested":"utf-8","Total Vio of Product":"utf-8","Year of MRL":"utf-8","vio/products":"utf-8"}}