{"capture_base":"EXcTABzZLzdt6nvvAgvXHUtprQrmdx_h-AcENtwOas3s","digest":"EDWhTwcsaUErgj0ndQTX7YptiDj8GIvrnabgA04RmwdI","type":"spec/overlays/entry_code/1.0","attribute_entry_codes":{"Analyte":["Daminozide","2,4-dimethylaniline","Dithiocarbamate","Ethylene Thiourea","Glyphosate Screen","Glyphosate","Pesticide Screen","Acetamiprid","Bifenazate","Biphenyl","Boscalid","Captan","Captan metabolite (THPI)","Carbaryl","CARBENDAZIM/THIOPHANATE METHYL","Chlorantraniliprole","Chlorpropham","Cyantraniliprole","Cyhalothrin-lambda","Cypermethrin","Cyprodinil","DDT plus metabolites","Deltamethrin","Dicofol","Difenoconazole","Dimethoate+Metabolite Omethoate","Diphenylamine","Flonicamid","Fludioxonil","fluopyram","FLUPYRADIFURONE","Flutriafol","Folpet","Imidacloprid","Methoxyfenozide","Myclobutanil","Novaluron","Ortho-phenylphenol","Oxadixyl","Permethrin (Total)","Phosmet","Piperonyl butoxide","Prochloraz","Pyraclostrobin","Pyridaben","Pyrimethanil","Quinoxyfen","Spinetoram","Spinosad (total)","Spirodiclofen","Spirotetramat","Tebuconazole","Thiabendazole","Thiacloprid","Trifloxystrobin","Phenoxy Herbicides Screen","Chlorthal-dimethyl (Dacthal)","Azoxystrobin","Dieldrin","Clopyralid","Fenhexamid","Malathion","Bifenthrin","Chlorothalonil","Fenpropathrin","Clothianidin","Dimethoate","Mandipropamid","Propamocarb","Thiamethoxam","Metalaxyl","Dimethomorph","Buprofezin","Chlorpyrifos","Diphenamid","Fenamidone","Fenpropimorph","Iprodione","Linuron","Metolachlor","Pendimethalin","Trifluralin","Endosulfan Total","Ethiofencarb","Oxamyl Oxime+Oxamyl","Triazophos","Fenbuconazole","Metconazole","Epoxiconazole","Tepraloxydim","Zinophos","Chlorfenapyr","Cyromazine","Fenazaquin","Fenpyroximate","Propiconazole","Pymetrozine","Spiromesifen","Tebufenozide","Kresoxim-methyl","Mepanipyrim","Quat Screen","Acephate","Methamidophos","Fuberidazole","Omethoate","Oxyfluorfen","Prometryne","AminomethylPhosphonic Acid","Atrazine+Desethyl Atrazine","Hexythiazox","Diquat","Chlorpyrifos-methyl","Etoxazole","Pronamide","2,4-D","Metribuzin","Chlordane","Clomazone","Heptachlor expoxide","p,p'-DDE","Fluoxastrobin","Tetraconazole","Cyazofamid","Famoxadone","Imazalil","Pyriproxyfen"],"Product":["Apple","Bean","Beet","Blackberry","Blueberry","Broccoli","Brussels Sprout","Cabbage","Cabbage - Chinese","Carrot","Cauliflower","Celery","Cherry","Corn","Cranberry","Cucumber","Eggplant","Garlic - Fresh","Grape","Herb - Chive - Fresh","Herb - Cilantro - Fresh","Herb - Dill - Fresh","Herb - Mint - Fresh","Herb - Parsley - Fresh","Herb - Thyme - Fresh","Kale","Leek","Lettuce - Head","Lettuce - Leaf","Melon","Melon - Cantaloupe","Mushroom","Nectarine","Onion","Onion - Green","Parsnip","Pea","Peach","Pear","Pepper","Plum","Potato","Radicchio","Radish","Raspberry","Rutabaga","Spinach","Sprout - Bean","Squash","Strawberry","Tomato","Turnip","Zucchini"],"Testing Program":["ALAR","AMITRAZ","EBDC(CS2)","EBDC(ETU)","GLYPHOSATE","PESTICIDES-GCLC","PHENOXY HERBICIDES","PESTICIDES-F","PESTICIDES-LC","DIQUAT/PARAQUAT"]}}