{"capture_base":"EXcTABzZLzdt6nvvAgvXHUtprQrmdx_h-AcENtwOas3s","digest":"EK9YcxhW6bQB-UZwGJdwTwlVEx3ktQR-ofvlkncplqL4","type":"spec/overlays/label/1.0","language":"en","attribute_labels":{"# of Positives":"Num_Pos","# of Samples":"Num_Samples","# of Violations":"Num_Vio","Analyte":"Analyte","Chemical Class":"Chem_Class","MRL (ppm)":"MRL","Max (ppm)":"Max","Mean (ppm)":"Mean","Min (ppm)":"Min","Product":"Product","Testing Program":"Test_Program","Total # of Samples tested":"Total_Samples","Total Vio of Product":"Total_Vio","Year of MRL":"Year_MRL","vio/products":"Vio_Pro"},"attribute_categories":[],"category_labels":{}}