{"capture_base":"EXcTABzZLzdt6nvvAgvXHUtprQrmdx_h-AcENtwOas3s","digest":"EQUr6nTzZ1rR3qFDgjCjh9kH2yJwueXSivNlQj2vBWnw","type":"spec/overlays/information/1.0","language":"en","attribute_information":{"# of Positives":"The number of pesticides that left residue on the product","# of Samples":"The number of samples taken from the product for each pesticide test","# of Violations":"The number of pesticide residue violations (the residue amount is over the prescribed limit/MRL) for each individual pesticide","Analyte":"The specific pesticide being examined for residue. One testing program can test for various pesticides, this will break it down into the individual values","Chemical Class":"The substance being tested for, in this case pesticides","MRL (ppm)":"The maximum residue limit. Determined by the government of Canada, changes for each pesticide and product combination","Max (ppm)":"The highest amount of pesticide residue found on the product in part per million","Mean (ppm)":"The mean amount of pesticide residue found on the product in part per million","Min (ppm)":"The lowest amount of pesticide residue found on the product in part per million","Product":"The specific fresh fruit/vegetable/other that was tested for residue","Testing Program":"The type of testing program being used on the product","Total # of Samples tested":"The overall number of samples tested for a product","Total Vio of Product":"The total number of violations a singular product received, ignoring which specific pesticide caused the violation","Year of MRL":"The year the MRL was established/updated","vio/products":"The number of violations per product, calculated by dividing the total number of violations by the total number of samples tested for each product"}}