{"type":"spec/capture_base/1.0","digest":"EXcTABzZLzdt6nvvAgvXHUtprQrmdx_h-AcENtwOas3s","classification":"RDF401","attributes":{"# of Positives":"Numeric","# of Samples":"Numeric","# of Violations":"Numeric","Analyte":"Text","Chemical Class":"Text","MRL (ppm)":"Numeric","Max (ppm)":"Numeric","Mean (ppm)":"Numeric","Min (ppm)":"Numeric","Product":"Text","Testing Program":"Text","Total # of Samples tested":"Numeric","Total Vio of Product":"Numeric","Year of MRL":"Numeric","vio/products":"Numeric"},"flagged_attributes":[]}