{"capture_base":"EXcTABzZLzdt6nvvAgvXHUtprQrmdx_h-AcENtwOas3s","digest":"EyMlskXQUpc43GhKZ0ZQsCCVZviwfoT2nyYzdoAdYey4","type":"spec/overlays/entry/1.0","language":"en","attribute_entries":{"Analyte":{"2,4-D":"2,4-D","2,4-dimethylaniline":"2,4-dimethylaniline","Acephate":"Acephate","Acetamiprid":"Acetamiprid","AminomethylPhosphonic Acid":"AminomethylPhosphonic Acid","Atrazine+Desethyl Atrazine":"Atrazine+Desethyl Atrazine","Azoxystrobin":"Azoxystrobin","Bifenazate":"Bifenazate","Bifenthrin":"Bifenthrin","Biphenyl":"Biphenyl","Boscalid":"Boscalid","Buprofezin":"Buprofezin","CARBENDAZIM/THIOPHANATE METHYL":"CARBENDAZIM/THIOPHANATE METHYL","Captan":"Captan","Captan metabolite (THPI)":"Captan metabolite (THPI)","Carbaryl":"Carbaryl","Chlorantraniliprole":"Chlorantraniliprole","Chlordane":"Chlordane","Chlorfenapyr":"Chlorfenapyr","Chlorothalonil":"Chlorothalonil","Chlorpropham":"Chlorpropham","Chlorpyrifos":"Chlorpyrifos","Chlorpyrifos-methyl":"Chlorpyrifos-methyl","Chlorthal-dimethyl (Dacthal)":"Chlorthal-dimethyl (Dacthal)","Clomazone":"Clomazone","Clopyralid":"Clopyralid","Clothianidin":"Clothianidin","Cyantraniliprole":"Cyantraniliprole","Cyazofamid":"Cyazofamid","Cyhalothrin-lambda":"Cyhalothrin-lambda","Cypermethrin":"Cypermethrin","Cyprodinil":"Cyprodinil","Cyromazine":"Cyromazine","DDT plus metabolites":"DDT plus metabolites","Daminozide":"Daminozide","Deltamethrin":"Deltamethrin","Dicofol":"Dicofol","Dieldrin":"Dieldrin","Difenoconazole":"Difenoconazole","Dimethoate":"Dimethoate","Dimethoate+Metabolite Omethoate":"Dimethoate+Metabolite Omethoate","Dimethomorph":"Dimethomorph","Diphenamid":"Diphenamid","Diphenylamine":"Diphenylamine","Diquat":"Diquat","Dithiocarbamate":"Dithiocarbamate","Endosulfan Total":"Endosulfan Total","Epoxiconazole":"Epoxiconazole","Ethiofencarb":"Ethiofencarb","Ethylene Thiourea":"Ethylene Thiourea","Etoxazole":"Etoxazole","FLUPYRADIFURONE":"FLUPYRADIFURONE","Famoxadone":"Famoxadone","Fenamidone":"Fenamidone","Fenazaquin":"Fenazaquin","Fenbuconazole":"Fenbuconazole","Fenhexamid":"Fenhexamid","Fenpropathrin":"Fenpropathrin","Fenpropimorph":"Fenpropimorph","Fenpyroximate":"Fenpyroximate","Flonicamid":"Flonicamid","Fludioxonil":"Fludioxonil","Fluoxastrobin":"Fluoxastrobin","Flutriafol":"Flutriafol","Folpet":"Folpet","Fuberidazole":"Fuberidazole","Glyphosate":"Glyphosate","Glyphosate Screen":"Glyphosate Screen","Heptachlor expoxide":"Heptachlor expoxide","Hexythiazox":"Hexythiazox","Imazalil":"Imazalil","Imidacloprid":"Imidacloprid","Iprodione":"Iprodione","Kresoxim-methyl":"Kresoxim-methyl","Linuron":"Linuron","Malathion":"Malathion","Mandipropamid":"Mandipropamid","Mepanipyrim":"Mepanipyrim","Metalaxyl":"Metalaxyl","Metconazole":"Metconazole","Methamidophos":"Methamidophos","Methoxyfenozide":"Methoxyfenozide","Metolachlor":"Metolachlor","Metribuzin":"Metribuzin","Myclobutanil":"Myclobutanil","Novaluron":"Novaluron","Omethoate":"Omethoate","Ortho-phenylphenol":"Ortho-phenylphenol","Oxadixyl":"Oxadixyl","Oxamyl Oxime+Oxamyl":"Oxamyl Oxime+Oxamyl","Oxyfluorfen":"Oxyfluorfen","Pendimethalin":"Pendimethalin","Permethrin (Total)":"Permethrin (Total)","Pesticide Screen":"Pesticide Screen","Phenoxy Herbicides Screen":"Phenoxy Herbicides Screen","Phosmet":"Phosmet","Piperonyl butoxide":"Piperonyl butoxide","Prochloraz":"Prochloraz","Prometryne":"Prometryne","Pronamide":"Pronamide","Propamocarb":"Propamocarb","Propiconazole":"Propiconazole","Pymetrozine":"Pymetrozine","Pyraclostrobin":"Pyraclostrobin","Pyridaben":"Pyridaben","Pyrimethanil":"Pyrimethanil","Pyriproxyfen":"Pyriproxyfen","Quat Screen":"Quat Screen","Quinoxyfen":"Quinoxyfen","Spinetoram":"Spinetoram","Spinosad (total)":"Spinosad (total)","Spirodiclofen":"Spirodiclofen","Spiromesifen":"Spiromesifen","Spirotetramat":"Spirotetramat","Tebuconazole":"Tebuconazole","Tebufenozide":"Tebufenozide","Tepraloxydim":"Tepraloxydim","Tetraconazole":"Tetraconazole","Thiabendazole":"Thiabendazole","Thiacloprid":"Thiacloprid","Thiamethoxam":"Thiamethoxam","Triazophos":"Triazophos","Trifloxystrobin":"Trifloxystrobin","Trifluralin":"Trifluralin","Zinophos":"Zinophos","fluopyram":"fluopyram","p,p'-DDE":"p,p'-DDE"},"Product":{"Apple":"Apple","Bean":"Bean","Beet":"Beet","Blackberry":"Blackberry","Blueberry":"Blueberry","Broccoli":"Broccoli","Brussels Sprout":"Brussels Sprout","Cabbage":"Cabbage","Cabbage - Chinese":"Cabbage - Chinese","Carrot":"Carrot","Cauliflower":"Cauliflower","Celery":"Celery","Cherry":"Cherry","Corn":"Corn","Cranberry":"Cranberry","Cucumber":"Cucumber","Eggplant":"Eggplant","Garlic - Fresh":"Garlic - Fresh","Grape":"Grape","Herb - Chive - Fresh":"Herb - Chive - Fresh","Herb - Cilantro - Fresh":"Herb - Cilantro - Fresh","Herb - Dill - Fresh":"Herb - Dill - Fresh","Herb - Mint - Fresh":"Herb - Mint - Fresh","Herb - Parsley - Fresh":"Herb - Parsley - Fresh","Herb - Thyme - Fresh":"Herb - Thyme - Fresh","Kale":"Kale","Leek":"Leek","Lettuce - Head":"Lettuce - Head","Lettuce - Leaf":"Lettuce - Leaf","Melon":"Melon","Melon - Cantaloupe":"Melon - Cantaloupe","Mushroom":"Mushroom","Nectarine":"Nectarine","Onion":"Onion","Onion - Green":"Onion - Green","Parsnip":"Parsnip","Pea":"Pea","Peach":"Peach","Pear":"Pear","Pepper":"Pepper","Plum":"Plum","Potato":"Potato","Radicchio":"Radicchio","Radish":"Radish","Raspberry":"Raspberry","Rutabaga":"Rutabaga","Spinach":"Spinach","Sprout - Bean":"Sprout - Bean","Squash":"Squash","Strawberry":"Strawberry","Tomato":"Tomato","Turnip":"Turnip","Zucchini":"Zucchini"},"Testing Program":{"ALAR":"ALAR","AMITRAZ":"AMITRAZ","DIQUAT/PARAQUAT":"DIQUAT/PARAQUAT","EBDC(CS2)":"EBDC(CS2)","EBDC(ETU)":"EBDC(ETU)","GLYPHOSATE":"GLYPHOSATE","PESTICIDES-F":"PESTICIDES-F","PESTICIDES-GCLC":"PESTICIDES-GCLC","PESTICIDES-LC":"PESTICIDES-LC","PHENOXY HERBICIDES":"PHENOXY HERBICIDES"}}}