{
  "files": {
    "EXcTABzZLzdt6nvvAgvXHUtprQrmdx_h-AcENtwOas3s": {
      "character_encoding": "E4SPFppen4nh_krorszG86FHFJPT19JJ9qi_xp9mKo8E",
      "conformance": "EjYvNx1K6radvwfUs-ealxqiJ_bhPQR7seNjFY9zSIKo",
      "entry (en)": "EyMlskXQUpc43GhKZ0ZQsCCVZviwfoT2nyYzdoAdYey4",
      "entry_code": "EDWhTwcsaUErgj0ndQTX7YptiDj8GIvrnabgA04RmwdI",
      "information (en)": "EQUr6nTzZ1rR3qFDgjCjh9kH2yJwueXSivNlQj2vBWnw",
      "label (en)": "EK9YcxhW6bQB-UZwGJdwTwlVEx3ktQR-ofvlkncplqL4",
      "meta (en)": "Eg9agqqVqD9DoU1ReEQIKSD6l_zfJvtEQ_vkEWa6sJnE",
      "unit": "ExPnZXqy1EE9mVL7dRlUdlZ_rJ8K3c4QGwR1tQame8pc"
    }
  },
  "root": "EXcTABzZLzdt6nvvAgvXHUtprQrmdx_h-AcENtwOas3s"
}