{"capture_base":"EUwDLO_CV4DpvC6bvGIM9mnU8ar7s0Bqy2xRdR0AYP0Q","digest":"EadRE7hgcIzk6fHtye-zH-L3IJnOCoeXwV0ossBxdc0Q","type":"spec/overlays/information/1.0","language":"en","attribute_information":{"EDGE test: FDR p-value correction":"FDR","EDGE test: Fold change":"Fold change","EDGE test: P-value":"P value","Exon length":"Length of the exon","Feature ID":"Gene symbol","Gene name":"Ensembl ID","Position":"Position in the genome","Transcripts annotated":"Number of transcripts annotated per gene","high RFI - Means":"High RFI RPKM","low RFI - Means":"Low RFI RPKM"}}